{"DI0":0,"DI1":0,"DI2":0,"DI4":0,"DI7":1,"DO0":1,"DO1":0,"DO2":0,"DO8":0,"DO9":1,"DO10":1,"DO14":0,"AI0":54.4639309309423,"AI1":53.0796353984624,"AI2":25.2095226477832,"AI3":38.774063019082,"AO0":54.8793104011565,"AO1":52.0422427915037,"AI0_SP":20,"AI1_SP":40,"AO1_SP":60}